dataset,base_seed,repeat,seed,algorithm_version,requested_observed_ratio,actual_observed_ratio,actual_unseen_ratio,total_variants,observed_variants,unseen_variants,total_cases,train_cases,test_cases,train_case_ratio,test_case_ratio,train_events,test_events,train_csv_rows,test_csv_rows,train_activities,test_activities,unknown_test_activities,shared_variants,activity_cover_variants,input_sha256,split_directory,validation_ratio,validation_seed,max_len,gradient_train_cases,gradient_train_variants,gradient_train_processed_variants,gradient_train_activities,gradient_train_variant_coverage,validation_cases,validation_variants,validation_processed_variants,validation_activities,unknown_normal_test_activities_after_validation,unknown_validation_activities
BPIC12,42,1,307694762,trace_order_v1,0.2,0.1999541914796152,0.8000458085203848,4366,873,3493,13087,8990,4097,0.6869412393978758,0.31305876060212423,97944,164256,115924,172450,36,36,0,0,4,f4b66c40bddd133999a5618975a0a9ef6658549751b65aa3b336ef4d6bc490e1,BPIC12/seed_307694762/observed_20,0.1,2026,,8091,701,701,36,0.16055886394869445,899,172,172,36,0,0
BPIC12,42,1,307694762,trace_order_v1,0.4,0.3999083829592304,0.6000916170407696,4366,1746,2620,13087,10207,2880,0.7799342859326048,0.2200657140673951,142418,119782,162832,125542,36,36,0,0,4,f4b66c40bddd133999a5618975a0a9ef6658549751b65aa3b336ef4d6bc490e1,BPIC12/seed_307694762/observed_40,0.1,2026,,9186,1349,1349,36,0.30897846999541917,1021,397,397,35,0,0
BPIC12,42,1,307694762,trace_order_v1,0.6,0.6000916170407696,0.3999083829592304,4366,2620,1746,13087,11262,1825,0.860548636051043,0.139451363948957,184314,77886,206838,81536,36,36,0,0,4,f4b66c40bddd133999a5618975a0a9ef6658549751b65aa3b336ef4d6bc490e1,BPIC12/seed_307694762/observed_60,0.1,2026,,10136,2228,2228,36,0.510306917086578,1126,392,392,36,0,0
BPIC12,42,1,307694762,trace_order_v1,0.8,0.8000458085203848,0.1999541914796152,4366,3493,873,13087,12200,887,0.9322228165354932,0.06777718346450676,223858,38342,248258,40116,36,35,0,0,4,f4b66c40bddd133999a5618975a0a9ef6658549751b65aa3b336ef4d6bc490e1,BPIC12/seed_307694762/observed_80,0.1,2026,,10980,2788,2788,36,0.6385707741639945,1220,705,705,36,0,0
BPIC12,42,1,307694762,trace_order_v1,0.9,0.8999083829592304,0.10009161704076959,4366,3929,437,13087,12643,444,0.9660732024146099,0.033926797585390085,243351,18849,268637,19737,36,35,0,0,4,f4b66c40bddd133999a5618975a0a9ef6658549751b65aa3b336ef4d6bc490e1,BPIC12/seed_307694762/observed_90,0.1,2026,,11379,3198,3198,36,0.7324782409528172,1264,731,731,36,0,0
BPIC15_1,42,1,1649758743,trace_order_v1,0.2,0.2,0.8,1170,234,936,1199,252,947,0.21017514595496248,0.7898248540450375,10937,41280,11441,43174,398,336,0,0,41,403b3deff5d740a70fc2cc0881f602059c8ef04023d7d36104daa64553f33ffa,BPIC15_1/seed_1649758743/observed_20,0.1,2026,,227,212,212,398,0.1811965811965812,25,22,22,180,0,0
BPIC15_1,42,1,1649758743,trace_order_v1,0.4,0.4,0.6,1170,468,702,1199,490,709,0.408673894912427,0.591326105087573,21235,30982,22215,32400,398,311,0,0,41,403b3deff5d740a70fc2cc0881f602059c8ef04023d7d36104daa64553f33ffa,BPIC15_1/seed_1649758743/observed_40,0.1,2026,,441,419,419,398,0.3581196581196581,49,49,49,243,0,0
BPIC15_1,42,1,1649758743,trace_order_v1,0.6,0.6,0.4,1170,702,468,1199,726,473,0.6055045871559633,0.3944954128440367,31224,20993,32676,21939,398,294,0,0,41,403b3deff5d740a70fc2cc0881f602059c8ef04023d7d36104daa64553f33ffa,BPIC15_1/seed_1649758743/observed_60,0.1,2026,,653,630,630,398,0.5384615384615384,73,72,72,238,0,0
BPIC15_1,42,1,1649758743,trace_order_v1,0.8,0.8,0.2,1170,936,234,1199,964,235,0.8040033361134279,0.19599666388657214,41752,10465,43680,10935,398,281,0,0,41,403b3deff5d740a70fc2cc0881f602059c8ef04023d7d36104daa64553f33ffa,BPIC15_1/seed_1649758743/observed_80,0.1,2026,,868,846,846,398,0.7230769230769231,96,90,90,257,0,0
BPIC15_1,42,1,1649758743,trace_order_v1,0.9,0.9,0.1,1170,1053,117,1199,1082,117,0.902418682235196,0.097581317764804,47136,5081,49300,5315,398,231,0,0,41,403b3deff5d740a70fc2cc0881f602059c8ef04023d7d36104daa64553f33ffa,BPIC15_1/seed_1649758743/observed_90,0.1,2026,,974,955,955,398,0.8162393162393162,108,98,98,281,0,0
BPIC15_2,42,1,3572032885,trace_order_v1,0.2,0.20048309178743962,0.7995169082125604,828,166,662,832,166,666,0.19951923076923078,0.8004807692307693,9750,34604,10082,35936,410,342,0,0,46,91872865161ac8996521b47db87a3edb2a18fa79d97ce7a21b2c8013a655c3de,BPIC15_2/seed_3572032885/observed_20,0.1,2026,,149,149,149,410,0.17995169082125603,17,17,17,179,0,0
BPIC15_2,42,1,3572032885,trace_order_v1,0.4,0.3997584541062802,0.6002415458937198,828,331,497,832,333,499,0.40024038461538464,0.5997596153846154,18461,25893,19127,26891,410,334,0,0,46,91872865161ac8996521b47db87a3edb2a18fa79d97ce7a21b2c8013a655c3de,BPIC15_2/seed_3572032885/observed_40,0.1,2026,,300,298,298,410,0.35990338164251207,33,33,33,198,0,0
BPIC15_2,42,1,3572032885,trace_order_v1,0.6,0.6002415458937198,0.3997584541062802,828,497,331,832,500,332,0.6009615384615384,0.39903846153846156,27006,17348,28006,18012,410,301,0,0,46,91872865161ac8996521b47db87a3edb2a18fa79d97ce7a21b2c8013a655c3de,BPIC15_2/seed_3572032885/observed_60,0.1,2026,,450,447,447,410,0.5398550724637681,50,50,50,211,0,0
BPIC15_2,42,1,3572032885,trace_order_v1,0.8,0.7995169082125604,0.20048309178743962,828,662,166,832,666,166,0.8004807692307693,0.19951923076923078,35477,8877,36809,9209,410,273,0,0,46,91872865161ac8996521b47db87a3edb2a18fa79d97ce7a21b2c8013a655c3de,BPIC15_2/seed_3572032885/observed_80,0.1,2026,,599,596,596,410,0.7198067632850241,67,66,66,236,0,0
BPIC15_2,42,1,3572032885,trace_order_v1,0.9,0.8997584541062802,0.10024154589371981,828,745,83,832,749,83,0.9002403846153846,0.09975961538461539,39866,4488,41364,4654,410,236,0,0,46,91872865161ac8996521b47db87a3edb2a18fa79d97ce7a21b2c8013a655c3de,BPIC15_2/seed_3572032885/observed_90,0.1,2026,,674,670,670,410,0.8091787439613527,75,75,75,253,0,0
BPIC15_3,42,1,1317870673,trace_order_v1,0.2,0.20014825796886582,0.7998517420311342,1349,270,1079,1409,302,1107,0.21433640880056778,0.7856635911994322,12634,47047,13238,49261,383,336,0,0,47,ba0bf843b41c2744ab53d0a09e35d1092f6bd880bbd60906de552bb7b31babb0,BPIC15_3/seed_1317870673/observed_20,0.1,2026,,272,240,240,383,0.17790956263899185,30,30,30,184,0,0
BPIC15_3,42,1,1317870673,trace_order_v1,0.4,0.40029651593773163,0.5997034840622684,1349,540,809,1409,594,815,0.42157558552164653,0.5784244144783535,23990,35691,25178,37321,383,329,0,0,47,ba0bf843b41c2744ab53d0a09e35d1092f6bd880bbd60906de552bb7b31babb0,BPIC15_3/seed_1317870673/observed_40,0.1,2026,,535,487,487,383,0.36100815418828763,59,53,53,182,0,0
BPIC15_3,42,1,1317870673,trace_order_v1,0.6,0.5997034840622684,0.40029651593773163,1349,809,540,1409,865,544,0.6139105748757985,0.3860894251242016,35844,23837,37574,24925,383,312,0,0,47,ba0bf843b41c2744ab53d0a09e35d1092f6bd880bbd60906de552bb7b31babb0,BPIC15_3/seed_1317870673/observed_60,0.1,2026,,779,723,723,383,0.535952557449963,86,86,86,254,0,0
BPIC15_3,42,1,1317870673,trace_order_v1,0.8,0.7998517420311342,0.20014825796886582,1349,1079,270,1409,1139,270,0.808374733853797,0.19162526614620298,47736,11945,50014,12485,383,289,0,0,47,ba0bf843b41c2744ab53d0a09e35d1092f6bd880bbd60906de552bb7b31babb0,BPIC15_3/seed_1317870673/observed_80,0.1,2026,,1025,966,966,383,0.7160859896219421,114,113,113,258,0,0
BPIC15_3,42,1,1317870673,trace_order_v1,0.9,0.8999258710155671,0.10007412898443291,1349,1214,135,1409,1274,135,0.9041873669268985,0.09581263307310149,53504,6177,56052,6447,383,255,0,0,47,ba0bf843b41c2744ab53d0a09e35d1092f6bd880bbd60906de552bb7b31babb0,BPIC15_3/seed_1317870673/observed_90,0.1,2026,,1147,1102,1102,383,0.8169014084507042,127,112,112,215,0,0
BPIC15_4,42,1,1466331127,trace_order_v1,0.2,0.2001906577693041,0.7998093422306959,1049,210,839,1053,212,841,0.201329534662868,0.798670465337132,9590,37703,10014,39385,356,300,0,0,37,2484d3462b0b8bca78e8f934261e105c71c4407eece94f1a514fce12eaa871f7,BPIC15_4/seed_1466331127/observed_20,0.1,2026,,191,189,189,356,0.1801715919923737,21,21,21,133,0,0
BPIC15_4,42,1,1466331127,trace_order_v1,0.4,0.4003813155386082,0.5996186844613918,1049,420,629,1053,422,631,0.4007597340930674,0.5992402659069326,19229,28064,20073,29326,356,289,0,0,37,2484d3462b0b8bca78e8f934261e105c71c4407eece94f1a514fce12eaa871f7,BPIC15_4/seed_1466331127/observed_40,0.1,2026,,380,378,378,356,0.3603431839847474,42,42,42,197,0,0
BPIC15_4,42,1,1466331127,trace_order_v1,0.6,0.5996186844613918,0.4003813155386082,1049,629,420,1053,633,420,0.6011396011396012,0.39886039886039887,28515,18778,29781,19618,356,278,0,0,37,2484d3462b0b8bca78e8f934261e105c71c4407eece94f1a514fce12eaa871f7,BPIC15_4/seed_1466331127/observed_60,0.1,2026,,570,566,566,356,0.5395614871306006,63,63,63,203,0,0
BPIC15_4,42,1,1466331127,trace_order_v1,0.8,0.7998093422306959,0.2001906577693041,1049,839,210,1053,843,210,0.8005698005698005,0.19943019943019943,38046,9247,39732,9667,356,252,0,0,37,2484d3462b0b8bca78e8f934261e105c71c4407eece94f1a514fce12eaa871f7,BPIC15_4/seed_1466331127/observed_80,0.1,2026,,759,755,755,356,0.7197330791229742,84,84,84,216,0,0
BPIC15_4,42,1,1466331127,trace_order_v1,0.9,0.899904671115348,0.10009532888465204,1049,944,105,1053,948,105,0.9002849002849003,0.09971509971509972,42516,4777,44412,4987,356,219,0,0,37,2484d3462b0b8bca78e8f934261e105c71c4407eece94f1a514fce12eaa871f7,BPIC15_4/seed_1466331127/observed_90,0.1,2026,,853,849,849,356,0.8093422306959008,95,95,95,218,0,0
BPIC15_5,42,1,3437344897,trace_order_v1,0.2,0.20034692107545535,0.7996530789245446,1153,231,922,1156,232,924,0.20069204152249134,0.7993079584775087,12332,46751,12796,48599,389,331,0,0,44,e9e0932dca6e8eb99bd49044c55165aa6046e8fd95873686f7885c35da00c169,BPIC15_5/seed_3437344897/observed_20,0.1,2026,,209,208,208,389,0.18039895923677363,23,23,23,209,0,0
BPIC15_5,42,1,3437344897,trace_order_v1,0.4,0.3998265394622723,0.6001734605377277,1153,461,692,1156,463,693,0.4005190311418685,0.5994809688581315,24115,34968,25041,36354,389,318,0,0,44,e9e0932dca6e8eb99bd49044c55165aa6046e8fd95873686f7885c35da00c169,BPIC15_5/seed_3437344897/observed_40,0.1,2026,,417,415,415,389,0.3599306157849089,46,46,46,209,0,0
BPIC15_5,42,1,3437344897,trace_order_v1,0.6,0.6001734605377277,0.3998265394622723,1153,692,461,1156,694,462,0.6003460207612457,0.39965397923875434,35237,23846,36625,24770,389,294,0,0,44,e9e0932dca6e8eb99bd49044c55165aa6046e8fd95873686f7885c35da00c169,BPIC15_5/seed_3437344897/observed_60,0.1,2026,,625,623,623,389,0.5403295750216826,69,69,69,208,0,0
BPIC15_5,42,1,3437344897,trace_order_v1,0.8,0.7996530789245446,0.20034692107545535,1153,922,231,1156,925,231,0.8001730103806228,0.19982698961937717,47079,12004,48929,12466,389,263,0,0,44,e9e0932dca6e8eb99bd49044c55165aa6046e8fd95873686f7885c35da00c169,BPIC15_5/seed_3437344897/observed_80,0.1,2026,,833,830,830,389,0.7198612315698178,92,92,92,191,0,0
BPIC15_5,42,1,3437344897,trace_order_v1,0.9,0.9002601908065915,0.0997398091934085,1153,1038,115,1156,1041,115,0.9005190311418685,0.09948096885813149,53059,6024,55141,6254,389,207,0,0,44,e9e0932dca6e8eb99bd49044c55165aa6046e8fd95873686f7885c35da00c169,BPIC15_5/seed_3437344897/observed_90,0.1,2026,,937,934,934,389,0.8100607111882047,104,104,104,267,0,0
BPIC17,42,1,380423602,trace_order_v1,0.2,0.2,0.8,15930,3186,12744,31509,16673,14836,0.5291504014725952,0.4708495985274049,503155,699112,536501,728784,26,26,0,0,3,48fcacbe2525f9dc915383057ac18e7c955937e2909c2be6c9da180fe14114e4,BPIC17/seed_380423602/observed_20,0.1,2026,,15006,2891,2891,26,0.1814814814814815,1667,295,295,25,0,0
BPIC17,42,1,380423602,trace_order_v1,0.4,0.4,0.6,15930,6372,9558,31509,21143,10366,0.6710146307404233,0.3289853692595766,699868,502399,742154,523131,26,26,0,0,3,48fcacbe2525f9dc915383057ac18e7c955937e2909c2be6c9da180fe14114e4,BPIC17/seed_380423602/observed_40,0.1,2026,,19029,5966,5966,26,0.37451349654739485,2114,406,406,25,0,0
BPIC17,42,1,380423602,trace_order_v1,0.6,0.6,0.4,15930,9558,6372,31509,24866,6643,0.7891713478688629,0.21082865213113713,876106,326161,925838,339447,26,26,0,0,3,48fcacbe2525f9dc915383057ac18e7c955937e2909c2be6c9da180fe14114e4,BPIC17/seed_380423602/observed_60,0.1,2026,,22379,8694,8694,26,0.5457627118644067,2487,864,864,25,0,0
BPIC17,42,1,380423602,trace_order_v1,0.8,0.8,0.2,15930,12744,3186,31509,28275,3234,0.8973626582881081,0.10263734171189184,1040170,162097,1096720,168565,26,26,0,0,3,48fcacbe2525f9dc915383057ac18e7c955937e2909c2be6c9da180fe14114e4,BPIC17/seed_380423602/observed_80,0.1,2026,,25428,11846,11846,26,0.7436283741368487,2847,898,898,25,0,0
BPIC17,42,1,380423602,trace_order_v1,0.9,0.9,0.1,15930,14337,1593,31509,29902,1607,0.9489986987844743,0.05100130121552572,1121090,81177,1180894,84391,26,26,0,0,3,48fcacbe2525f9dc915383057ac18e7c955937e2909c2be6c9da180fe14114e4,BPIC17/seed_380423602/observed_90,0.1,2026,,26912,12635,12635,26,0.793157564344005,2990,1702,1702,25,0,0
